department,first_name,last_name,title,image_url,email
Administration,Drew,Weymouth,Principal,https://res.cloudinary.com/dxm7ycyxz/image/upload/v1668016834/2022/02/school-logo-150x150_ze3jhk.png,dweymouth@worcesterschools.net
Administration,Michelle,Phenix,"Assistant Principal, Coghlin Construction Academy",https://wordpress.techhigh.us/wp-content/uploads/2022/04/0124.jpg,phenixm@worcesterschools.net
Administration,Brian,Potter,"Assistant Principal, Alden Design and Engineering Academy ",https://wordpress.techhigh.us/wp-content/uploads/2022/04/0129.jpg,potterb@worcesterschools.net
Administration,Kim,Smaltz ,"Assistant Principal, IT & Business Services Academy ",https://wordpress.techhigh.us/wp-content/uploads/2022/04/0140-1.jpg,smaltzk@worcesterschools.net
Administration,Stephanie,Stockwell,"Assistant Principal, Allied Health and Human Services Academy ",https://wordpress.techhigh.us/wp-content/uploads/2022/04/0145.jpg,stockwells@worcesterschools.net
Administration,Patricia,Suomala,Director of Career and Technical Education ,https://wordpress.techhigh.us/wp-content/uploads/2022/04/0147.jpg,suomalap@worcesterschools.net
Administration Support,Laura,Alejandro,Head Clerk,,adamsl@worcesterschools.net
Administration Support,Jorolyn (Jill),Murphy,Head Clerk Confidential ,https://wordpress.techhigh.us/wp-content/uploads/2022/04/0104.jpg,murphyj@worcesterschools.net
Administration Support ,Carol,Needham,Admission Office Clerk,https://res.cloudinary.com/dxm7ycyxz/image/upload/v1668016834/2022/02/school-logo-150x150_ze3jhk.png,needhamc@worcesterschools.net
Administration Support ,Jessica,Diaz,Alden/ Construction Academy Clerk,,diazjl@worcesterschools.net
Administration Support ,Michell,Macias,Biligual Office Aide ,,
Administration Support ,Jonelle,Garofoli,AHHS/ ITBS Academy Clerk,,garofolij@worcesterschools.net
Administration Support ,Annette,Novia,Senior Data Entry Clerk ,,noviaa@worcesterschools.net
Advanced Manufacturing,Brian,Cummings,Instructor in Charge,https://wordpress.techhigh.us/wp-content/uploads/2022/04/0032.jpg,cummingsb@worcesterschools.net
Advanced Manufacturing,Edward,Miner,Shop Instructor,https://wordpress.techhigh.us/wp-content/uploads/2022/04/0101.jpg,minere@worcesterschools.net
Allied Health,Kim ,Da Silva,Shop Instructor,https://wordpress.techhigh.us/wp-content/uploads/2022/04/0034.jpg,dasilvak@worcesterschools.net
Allied Health,Sheri,Kline,Shop Instructor,https://wordpress.techhigh.us/wp-content/uploads/2022/04/0062.jpg,klines@worcesterschools.net
Allied Health,Paula,Lonergan,Department head,https://wordpress.techhigh.us/wp-content/uploads/2022/04/0077.jpg,lonerganp@worcesterschools.net
Allied Health,Christine,Buckley,Shop Instructor,https://res.cloudinary.com/dxm7ycyxz/image/upload/v1668016834/2022/02/school-logo-150x150_ze3jhk.png,buckleyce@worcesterschools.net
Allied Health,Kayla,Baez,Shop Instructor,https://res.cloudinary.com/dxm7ycyxz/image/upload/v1668016834/2022/02/school-logo-150x150_ze3jhk.png,baezk@worcesterschools.net
Auto Collision,Steven,Stefanik,Department Head,https://wordpress.techhigh.us/wp-content/uploads/2022/04/0143.jpg,stefaniks@worcesterschools.net
Auto Collision,Jay,Hanratty,Shop Instructor,https://wordpress.techhigh.us/wp-content/uploads/2022/05/10138.jpg,hanrattyj@worcesterschools.net
Auto Collision,Steven,Desgroseilliers,Shop Instructor,https://res.cloudinary.com/dxm7ycyxz/image/upload/v1668016834/2022/02/school-logo-150x150_ze3jhk.png,peckhamd@worcesterschools.net
Auto Technology,Ronald,Alger Jr. ,Department Head,https://wordpress.techhigh.us/wp-content/uploads/2022/04/0003.jpg,algerr@worcesterschools.net
Auto Technology,Dan,Peckham,Shop Instructor,https://wordpress.techhigh.us/wp-content/uploads/2022/04/0117.jpg,peckhamd@worcesterschools.net
Auto Technology,Dennis,Staples,Shop instructor,https://wordpress.techhigh.us/wp-content/uploads/2022/04/0141-1.jpg,staplesd@worcesterschools.net
Auto Technology,Jonathan,Yourga,Shop Instructor,https://wordpress.techhigh.us/wp-content/uploads/2022/04/0163-1.jpg,yourgaj@worcesterschools.net
Auto Technology,Chris,Platzer,Shop Instructor ,https://res.cloudinary.com/dxm7ycyxz/image/upload/v1668016834/2022/02/school-logo-150x150_ze3jhk.png,platzerc@worcesterschools.net
Avid,Elizabeth,Ward,Avid Teacher,https://wordpress.techhigh.us/wp-content/uploads/2022/04/0159.jpg,warde@worcesterschools.net
Biotechnology,Crystal,Auger,Department Head,https://wordpress.techhigh.us/wp-content/uploads/2022/04/0006-1.jpg,augerc@worcesterschools.net
Biotechnology,Dichawn,Belcher,Shop Instructor,https://wordpress.techhigh.us/wp-content/uploads/2022/04/0009-1.jpg,belcherd@worcesterschools.net
Biotechnology,Stephanie,Gaudette,Shop Instructor,https://res.cloudinary.com/dxm7ycyxz/image/upload/v1668016834/2022/02/school-logo-150x150_ze3jhk.png,gaudettes@worcesterschools.net
Carpentry,Kevin,Letourneau,Shop instructor,https://wordpress.techhigh.us/wp-content/uploads/2022/04/0075-1.jpg,letourneauk@worcesterschools.net
Carpentry,Joseph,Lonergan,Department head ,https://wordpress.techhigh.us/wp-content/uploads/2022/04/0076-1.jpg,lonerganj@worcesterschools.net
Carpentry,Kevin,Lussier,Shop Instructor,https://wordpress.techhigh.us/wp-content/uploads/2022/04/0079-1.jpg,lussierk@worcesterschools.net
Carpentry ,Rob,Fairbanks,Shop Instructor,https://wordpress.techhigh.us/wp-content/uploads/2022/05/13603.jpg,fairbanksr@worcesterschools.net
Computer Aided Drafting,Paul,Chambers,Instructor in Charge,https://wordpress.techhigh.us/wp-content/uploads/2022/04/0021.jpg,chambersp@worcesterschools.net
Computer Aided Drafting,John,Lacaire,Shop instructor,https://wordpress.techhigh.us/wp-content/uploads/2022/04/0065.jpg,lacairej@worcesterschools.net
Cosmetology,Michele,Maltais,Department Head ,https://wordpress.techhigh.us/wp-content/uploads/2022/04/0085-1.jpg,maltaism@worcesterschools.net
Cosmetology,Lani,Ricciardi,Shop Instructor,https://wordpress.techhigh.us/wp-content/uploads/2022/04/0133-1.jpg,ricciardil@worcesterschools.net
Cosmetology,Jennifer,Gilman,Shop Instructor,https://res.cloudinary.com/dxm7ycyxz/image/upload/v1668016834/2022/02/school-logo-150x150_ze3jhk.png,gilmanj@worcesterschools.net
Culinary Arts,Elizabeth,Casey,Shop Instructor,https://wordpress.techhigh.us/wp-content/uploads/2022/04/0020-1.jpg,caseye@worcesterschools.net
Culinary Arts,Kevin,Layton,Department Head,https://wordpress.techhigh.us/wp-content/uploads/2022/04/0071-1.jpg,laytonk@worcesterschools.net
Culinary Arts,Brian,McNally,Shop Instructor,https://wordpress.techhigh.us/wp-content/uploads/2022/04/0097.jpg,mcnallyb@worcesterschools.net
Culinary Arts,Kimberly,Youkstetter,Shop Instructor,https://wordpress.techhigh.us/wp-content/uploads/2022/04/0162-1.jpg,youkstetterk@worcesterschools.net
Culinary Arts,Christopher,O'Harra,Shop Instructor,https://res.cloudinary.com/dxm7ycyxz/image/upload/v1668016834/2022/02/school-logo-150x150_ze3jhk.png,oharrac@worcesterschools.net 
Custodian,Paul,Jarvis,Head Custodian,https://wordpress.techhigh.us/wp-content/uploads/2022/02/school-logo.png,jarvisp@worcesterschools.net
Early Childhood,Shelese,Johnson,Department Head ,https://wordpress.techhigh.us/wp-content/uploads/2022/04/0058.jpg,johnsons@worcesterschools.net
Early Childhood,Christine,Porth,Shop Instructor,https://wordpress.techhigh.us/wp-content/uploads/2022/04/0128.jpg,porthc@worcesterschools.net
Early Childhood,Dina,Taylor,Shop Instructor,https://wordpress.techhigh.us/wp-content/uploads/2022/04/0152.jpg,taylord@worcesterschools.net
Early Childhood,Paula,Mariano,Paraprofessional,https://wordpress.techhigh.us/wp-content/uploads/2022/05/188.jpg,marianop@worcesterschools.net
Early Childhood,Rubaly,Colon,Shop Instructor,https://res.cloudinary.com/dxm7ycyxz/image/upload/v1668016834/2022/02/school-logo-150x150_ze3jhk.png,colonr@worcesterschools.net
Electrical,Ronald,Alger III,Shop Instructor,https://wordpress.techhigh.us/wp-content/uploads/2022/04/0002.jpg,algerrf@worcesterschools.net
Electrical,Michael,Capuano,Shop Instructor,https://wordpress.techhigh.us/wp-content/uploads/2022/04/0018.jpg,capuanom@worcesterschools.net
Electrical,Wade,Normandin,Shop Instructor,https://wordpress.techhigh.us/wp-content/uploads/2022/04/0108.jpg,normandinw@worcesterschools.net
Electrical,Jean,Trudeau,Department head,https://wordpress.techhigh.us/wp-content/uploads/2022/04/0155.jpg,trudeauj@worcesterschools.net
English,Herman,Banks Jr.,Teacher,https://wordpress.techhigh.us/wp-content/uploads/2022/04/0008-1.jpg,banksh@worcesterschools.net
English,Jayne,Blondin,Teacher,https://wordpress.techhigh.us/wp-content/uploads/2022/04/0013.jpg,blondinj@worcesterschools.net
English,Michael,Gemme,Teacher,https://wordpress.techhigh.us/wp-content/uploads/2022/04/0045.jpg,gemmem@worcesterschools.net
English,Gail,Holland,Teacher,https://wordpress.techhigh.us/wp-content/uploads/2022/04/0055.jpg,hollandg@worcesterschools.net
English,Jessica,McGuire,Teacher,https://wordpress.techhigh.us/wp-content/uploads/2022/04/0095.jpg,mcguirej@worcesterschools.net
English,Kasia,Mitre,Teacher,https://wordpress.techhigh.us/wp-content/uploads/2022/04/0102-1.jpg,mitrek@worcesterschools.net
English,Kevin,O'Connor,Teacher,https://wordpress.techhigh.us/wp-content/uploads/2022/04/0111.jpg,o'connork@worcesterschools.net
English,Nicole,Patterson,Department Head ,https://wordpress.techhigh.us/wp-content/uploads/2022/04/0116.jpg,pattersonn@worcesterschools.net
English,Micaela,Quill,Teacher,https://wordpress.techhigh.us/wp-content/uploads/2022/04/0130.jpg,quillm@worcesterschools.net
English,Chris,Brennan,Teacher,https://wordpress.techhigh.us/wp-content/uploads/2022/05/4123.jpg,brennanc@worceseterschools.net
English,Renee,Lace,Teacher,https://res.cloudinary.com/dxm7ycyxz/image/upload/v1668016834/2022/02/school-logo-150x150_ze3jhk.png,robichaudr@worcesterschools.net
English,Caitlin,McCarthy,Teacher,https://res.cloudinary.com/dxm7ycyxz/image/upload/v1668016834/2022/02/school-logo-150x150_ze3jhk.png,mccarthyca@worcesterschools.net
English ,Andre',Beriau,Teacher ,https://res.cloudinary.com/dxm7ycyxz/image/upload/v1668016834/2022/02/school-logo-150x150_ze3jhk.png,beriaua@worcesterschools.net
English ,Casey,Bowers,Teacher ,https://res.cloudinary.com/dxm7ycyxz/image/upload/v1668016834/2022/02/school-logo-150x150_ze3jhk.png,bowersc@worcesterschools.net
Environmental Tech ,Becky,Kruzel,Instructor in Charge ,https://wordpress.techhigh.us/wp-content/uploads/2022/04/0148.jpg,kruzelb@worcesterschools.net
ESL,Heidi,Chase,Teacher,https://wordpress.techhigh.us/wp-content/uploads/2022/04/0023.jpg,chaseh@worcesterschools.net
ESL,Sarah,Cutter,Department Head ,https://wordpress.techhigh.us/wp-content/uploads/2022/04/0033.jpg,cutters@worceseterschools.net
ESL,Sandra,Macknight,Teacher,https://wordpress.techhigh.us/wp-content/uploads/2022/05/9429.jpg,macknights@worcesterschools.net
"Finance, Marketing & Business Management ",Kristen,Martinson,Shop Instructor,https://wordpress.techhigh.us/wp-content/uploads/2022/04/0090.jpg,martinsonk@worceseterschools.net
"Finance, Marketing & Business Management ",Vincent,Pennell,Shop Instructor,https://wordpress.techhigh.us/wp-content/uploads/2022/04/0119.jpg,pennellv@worcesterschools.net
"Finance, Marketing & Business Management ",Lauren,Hayes,Department Head,https://wordpress.techhigh.us/wp-content/uploads/2022/05/11048.jpg,hayesl@worcesterschools.net
Graphic Communication,Peter,Stearns,Deapartment Head,https://res.cloudinary.com/dxm7ycyxz/image/upload/v1668016834/2022/02/school-logo-150x150_ze3jhk.png,stearnsp@worcesterschools.net
Graphic Communication,Nicole,Carlson,Shop Instructor,https://res.cloudinary.com/dxm7ycyxz/image/upload/v1668016834/2022/02/school-logo-150x150_ze3jhk.png,carlsonn@worcesterschools.net
Graphic Communication,Jean,Collamore,Shop Instructior,https://res.cloudinary.com/dxm7ycyxz/image/upload/v1668016834/2022/02/school-logo-150x150_ze3jhk.png,collamorejb@worcesterschools.net
Graphic Communication,James,Provencher,Shop Instructor,https://res.cloudinary.com/dxm7ycyxz/image/upload/v1668016834/2022/02/school-logo-150x150_ze3jhk.png,provencherj@worcesterschools.net
Guidance,Erin,Baffuto,9th Grade Guidance Counselor ,https://wordpress.techhigh.us/wp-content/uploads/2022/02/school-logo.png,baffutoe@worcesterschools.net
Guidance,Heather,Courtney,Department Head - VocP Guidance ,https://wordpress.techhigh.us/wp-content/uploads/2022/04/0031.jpg,courtneyh@worcesterschools.net
Guidance,Jordan,Kolodziejczak,ITBS Academy Guidance Counselor- Gr 10-12,https://wordpress.techhigh.us/wp-content/uploads/2022/04/0063.jpg,kolodziejczakj@worcesterschools.net
Guidance,Tracie,Kurczy,Alden Academy Guidance Counselor- Gr 10-12,https://wordpress.techhigh.us/wp-content/uploads/2022/04/0064.jpg,kurczyt@worcesterschools.net
Guidance,Tom,Quinn,Allied Academy Guidance Counselor- Gr 10-12,https://res.cloudinary.com/dxm7ycyxz/image/upload/v1668016834/2022/02/school-logo-150x150_ze3jhk.png,quinnt@worcesterschools.net 
Guidance,Erin,Macaruso,Construction Academy Guidance Conselor- Gr 10-12,https://wordpress.techhigh.us/wp-content/uploads/2022/05/13769.jpg,macarusoe@worcesterschools.net
History,Jeff,Blake,Teacher,https://wordpress.techhigh.us/wp-content/uploads/2022/04/0012.jpg,blakej@worcesterschools.net
History,Sandra,Gerardi,Teacher,https://wordpress.techhigh.us/wp-content/uploads/2022/04/0046.jpg,gerardis@worcesterschools.net
History,Rita,Jenness,Teacher,https://wordpress.techhigh.us/wp-content/uploads/2022/04/0057.jpg,jennessr@worcesterschools.net
History,Kristen,Donovan,Teacher,https://wordpress.techhigh.us/wp-content/uploads/2022/04/0068.jpg,landersk@worcesterschools.net
History,Mike,Metivier,Department Head ,https://wordpress.techhigh.us/wp-content/uploads/2022/04/0100.jpg,metivierm@worcesterschools.net
History,Justin,Newton,Teacher,https://wordpress.techhigh.us/wp-content/uploads/2022/04/0106.jpg,newtonj@worcesterschools.net
History,William,Packard,Teacher,https://wordpress.techhigh.us/wp-content/uploads/2022/04/0114.jpg,packardw@worcesterschools.net
History,Nicholas,Petkauskos,Teacher,https://wordpress.techhigh.us/wp-content/uploads/2022/04/0120.jpg,petkauskosn@worcesterschools.net
History,Joseph,Yvanauskas,Teacher,https://wordpress.techhigh.us/wp-content/uploads/2022/04/0164.jpg,yvanauskasj@worcesterschools.net
History,John,Roach,Teacher,https://res.cloudinary.com/dxm7ycyxz/image/upload/v1668016834/2022/02/school-logo-150x150_ze3jhk.png,roachjm@worcesterschools.net 
History,Mark,Clemente,Teacher,https://res.cloudinary.com/dxm7ycyxz/image/upload/v1668016834/2022/02/school-logo-150x150_ze3jhk.png,clementem@worcesterschools.net
Hospitality Management,Douglas,Lemire,Shop Instructor ,https://wordpress.techhigh.us/wp-content/uploads/2022/04/0074.jpg,lemired@worcesterschools.net
Hospitality Management,Tabitha,Rennie,Shop Instructor,https://wordpress.techhigh.us/wp-content/uploads/2022/04/0132.jpg,renniet@worcesterschools.net
Hospitality Mangement,Donna,Scola,Department Head,https://wordpress.techhigh.us/wp-content/uploads/2022/04/0137.jpg,scolad@worcesterschools.net
HVAC/R,Vincent,Baldasaro,Department Head,https://wordpress.techhigh.us/wp-content/uploads/2022/04/0007.jpg,baldasarov@worcesterschools.net
HVAC/R,Michael,Giguere,Shop Instructor ,https://wordpress.techhigh.us/wp-content/uploads/2022/04/0048.jpg,giguerem@worcesterschools.net
HVAC/R,Ira,Caplan,Paraprofessional,https://res.cloudinary.com/dxm7ycyxz/image/upload/v1668016834/2022/02/school-logo-150x150_ze3jhk.png,caplani@worcesterschools.net
Information Support Services & Networking,David,Tavilla,Instructor in Charge,https://wordpress.techhigh.us/wp-content/uploads/2022/04/0151.jpg,tavillad@worcesterschools.net
Information Support Services & Networking,Mason,Sousa,Shop Instructor,https://res.cloudinary.com/dxm7ycyxz/image/upload/v1668016834/2022/02/school-logo-150x150_ze3jhk.png,sousam@worcesterschools.net
Innovation Pathways,Kelsey,Lamoureux,Career and Partnership Specialist ,https://res.cloudinary.com/dxm7ycyxz/image/upload/v1668016834/2022/02/school-logo-150x150_ze3jhk.png,lamoureuxk@worcesterschools.net 
Innovation Pathways,Emily,Lehman,Director of Innovation Pathways ,https://res.cloudinary.com/dxm7ycyxz/image/upload/v1668016834/2022/02/school-logo-150x150_ze3jhk.png,lehmane@worcesterschools.net
Instructional Support,Lara,DeRose,Focused Instructional Coach ,https://wordpress.techhigh.us/wp-content/uploads/2022/04/0035.jpg,derosel@worceseterschools.net
Instructional Support,Ricardo,Torres,Vocational Focused Instructional Coach ,https://res.cloudinary.com/dxm7ycyxz/image/upload/v1668016834/2022/02/school-logo-150x150_ze3jhk.png,torresr@worcesterschools.net
Interior Design & Decorating,Joseph,Belsito,Shop Instructor,https://wordpress.techhigh.us/wp-content/uploads/2022/04/0010.jpg,belsitoj@worcesterschools.net
Interior Design & Decorating,Zach,Hughes,Shop Instructor,https://wordpress.techhigh.us/wp-content/uploads/2022/04/0056.jpg,hughesz@worcesterschools.net
Interior Design & Decorating,Jennifer,Mailoux-Rochon,Department Head,https://wordpress.techhigh.us/wp-content/uploads/2022/04/0084.jpg,mailouxrochonj@worcesterschools.net
Math,Amanda,Bourgeois,Teacher,https://wordpress.techhigh.us/wp-content/uploads/2022/02/school-logo.png,bourgeoisa@worcesterschools.net
Math,Nate,Clark,Teacher,https://wordpress.techhigh.us/wp-content/uploads/2022/04/0024.jpg,clarkn@worcesterschools.net
Math,Sean,Lynch,Department Head,https://wordpress.techhigh.us/wp-content/uploads/2022/04/0080.jpg,lynchs@worcesterschools.net
Math,Brooks,Mackay,Teacher,https://wordpress.techhigh.us/wp-content/uploads/2022/04/0081.jpg,mackayb@worcesterschools.net
Math,Audra,Marini,Teacher,https://wordpress.techhigh.us/wp-content/uploads/2022/04/0087.jpg,marinia@worcesterschools.net
Math,Zachary,Marion,Teacher,https://wordpress.techhigh.us/wp-content/uploads/2022/04/0088.jpg,marionz@worcesterschools.net
Math,Patrick,McKeon,Teacher,https://wordpress.techhigh.us/wp-content/uploads/2022/04/0096.jpg,mckeon@worcesterschools.net
Math,Hoang,Nguyen,Teacher,https://wordpress.techhigh.us/wp-content/uploads/2022/04/0107.jpg,nguyenj@worcesterschools.net
Math,Alan,Petty,Teacher,https://wordpress.techhigh.us/wp-content/uploads/2022/04/0122.jpg,pettya@worcesterschools.net
Math,Nicholas,Coughlin,Teacher,https://res.cloudinary.com/dxm7ycyxz/image/upload/v1668016834/2022/02/school-logo-150x150_ze3jhk.png,coughlinn@worcesterschools.net
Math,James,Kett,Teacher,https://res.cloudinary.com/dxm7ycyxz/image/upload/v1668016834/2022/02/school-logo-150x150_ze3jhk.png,kettj@worcesterschools.net
Math,Katie,Desko,Teacher,https://res.cloudinary.com/dxm7ycyxz/image/upload/v1668016834/2022/02/school-logo-150x150_ze3jhk.png,
Math ,Daniel,Fitzpatrick,Teacher,https://res.cloudinary.com/dxm7ycyxz/image/upload/v1668016834/2022/02/school-logo-150x150_ze3jhk.png,dfitzpatrick@worcesterschools.net
Physical Education/ Health,Sean,Mahoney,Teacher,https://wordpress.techhigh.us/wp-content/uploads/2022/02/school-logo.png,mahoneys@worcesterschools.net
Physical Education/ Health ,John,Healey,Department Head,https://wordpress.techhigh.us/wp-content/uploads/2022/05/2083.jpg,healeyj@worcesterschools.net
Physical Education/ Health ,Megan,Hutchingson,Teacher ,https://res.cloudinary.com/dxm7ycyxz/image/upload/v1668016834/2022/02/school-logo-150x150_ze3jhk.png,hutchinsonm@worcesterschools.net
Physical Education/ Health ,Bethany,Shea,Teacher,https://res.cloudinary.com/dxm7ycyxz/image/upload/v1668016834/2022/02/school-logo-150x150_ze3jhk.png,sheab@worcesterschools.net
Plumbing,David,Carey,Department Head,https://wordpress.techhigh.us/wp-content/uploads/2022/04/0019.jpg,careyd@worcesterschools.net
Plumbing,James,Phenix,Shop Instructor,https://wordpress.techhigh.us/wp-content/uploads/2022/04/0123.jpg,phenixj@worcesterschools.net
Plumbing,Richard,Sweares,Shop Instructor,https://wordpress.techhigh.us/wp-content/uploads/2022/04/0149.jpg,swearesr@worcesterschools.net
Programming & Web Development,Jeffrey,LeBoeuf,Instructor in Charge,https://wordpress.techhigh.us/wp-content/uploads/2022/04/0073.jpg,leboeufj@worcesterschools.net
Programming & Web Development,Sonia,Paulino,Shop Instructor,https://res.cloudinary.com/dxm7ycyxz/image/upload/v1668016834/2022/02/school-logo-150x150_ze3jhk.png,paulinos@worcesterschools.net
Robotics & Automation Technology,Jason,Leboeuf,Shop Instructor ,https://wordpress.techhigh.us/wp-content/uploads/2022/04/0072.jpg,leboeufjm@worcesterschools.nRobotics
Robotics & Automation Technology,Michael,Meagher,Department Head,https://wordpress.techhigh.us/wp-content/uploads/2022/04/0098.jpg,meagherm@worcesterschools.net
Robotics & Automation Technology,John,Stevenson,Shop Instructor,https://wordpress.techhigh.us/wp-content/uploads/2022/04/0144.jpg,stevensonj@worcesterschools.net
Robotics & Automation Technology,Tony,Sanders,Shop Instructor,https://res.cloudinary.com/dxm7ycyxz/image/upload/v1668016834/2022/02/school-logo-150x150_ze3jhk.png,sanderst@worcesterschools.net
School Psychologist and Adjustment Counselors,Sean,Magwire,Adjustment Counselor,https://res.cloudinary.com/dxm7ycyxz/image/upload/v1668016834/2022/02/school-logo-150x150_ze3jhk.png,magwires@worcesterschools.net
School Psychologist and Adjustment Counselors,Allie,McGrail,Adjustment Counselor,https://res.cloudinary.com/dxm7ycyxz/image/upload/v1668016834/2022/02/school-logo-150x150_ze3jhk.png,mcgraila@worcesterschools.net
School Psychologist and Adjustment Counselors,Amy,Defeudis,Adjustment Counselor,https://res.cloudinary.com/dxm7ycyxz/image/upload/v1668016834/2022/02/school-logo-150x150_ze3jhk.png,defeudias@worcesterschools.net
School Psychologist and Adjustment Counselors,Tom,Garrett,School Psychologist,https://res.cloudinary.com/dxm7ycyxz/image/upload/v1668016834/2022/02/school-logo-150x150_ze3jhk.png,orcuttj@worcesterschools.net
Science,Rob,Aldape,Teacher,https://res.cloudinary.com/dxm7ycyxz/image/upload/v1668016897/2022/04/0001_rz4kvc.jpg,aldaper@worcesterschools.net
Science,Kevin,Lauritsen,Teacher,https://wordpress.techhigh.us/wp-content/uploads/2022/02/school-logo.png,lauritsenk@worcesterschools.net
Science,Jocelyn,Coughlin,Department Head,https://wordpress.techhigh.us/wp-content/uploads/2022/04/0029.jpg,coughlinj@worcesterschools.net
Science,Guri,Dura,Teacher,https://wordpress.techhigh.us/wp-content/uploads/2022/04/0038.jpg,durag@worcesterschools.net
Science,Tefta,Giaya,Teacher,https://wordpress.techhigh.us/wp-content/uploads/2022/04/0047.jpg,giayat@worcesterschools.net
Science,Jacquelyn,Kalisz,Teacher,https://wordpress.techhigh.us/wp-content/uploads/2022/04/0060.jpg,kaliszj@worceseterschools.net
Science,Robert,Magner,Teacher,https://wordpress.techhigh.us/wp-content/uploads/2022/04/0082.jpg,magnerr@worcesterschools.net
Science,Matthew,McCook,Teacher,https://wordpress.techhigh.us/wp-content/uploads/2022/04/0093.jpg,mccookm@worcesterschools.net
Science,Ronald,Paoletti,Teacher,https://wordpress.techhigh.us/wp-content/uploads/2022/04/0115.jpg,paolettir@worcesterschools.net
Science ,Susan,Snay,Teacher ,https://res.cloudinary.com/dxm7ycyxz/image/upload/v1668016834/2022/02/school-logo-150x150_ze3jhk.png,snays@worcesterschools.net
Spanish,Yenilda,Melendez,Spanish Teacher,https://wordpress.techhigh.us/wp-content/uploads/2022/04/0099.jpg,melendezy@worcesterschools.net
Special Education,Melissa,Bonofilio,Teacher,https://wordpress.techhigh.us/wp-content/uploads/2022/04/0015.jpg,bonofiliom@worcesterschools.net
Special Education,Eileen,Clarke,Teacher,https://wordpress.techhigh.us/wp-content/uploads/2022/04/0025.jpg,clarkee@worcesterschools.net
Special Education,Benjamin,Earley,Instructional Assistant,https://wordpress.techhigh.us/wp-content/uploads/2022/04/0039-1.jpg,earleyb@worcesterschools.net
Special Education,Patricia,Hallet,Voc-P Teacher,https://wordpress.techhigh.us/wp-content/uploads/2022/04/0050.jpg,halletp@worcesterschools.net
Special Education,Melissa,Nagle,Voc-P Teacher,https://wordpress.techhigh.us/wp-content/uploads/2022/04/0105.jpg,naglem@worcesterschools.net
Special Education,Erin,Wilkin,Teacher,https://wordpress.techhigh.us/wp-content/uploads/2022/04/0161.jpg,wilkine@worcesterschools.net
Special Education,Eisden,Shand,Teacher,https://wordpress.techhigh.us/wp-content/uploads/2022/05/4274.jpg,shande@worcesterschools.net
Special Education,Gerald,Snay,Teacher ,https://wordpress.techhigh.us/wp-content/uploads/2022/05/4767.jpg,snayg@worcesterschools.net
Special Education,Christina,Lepore,Teacher,https://res.cloudinary.com/dxm7ycyxz/image/upload/v1668016834/2022/02/school-logo-150x150_ze3jhk.png,leporec@worcesterschools.net
Special Education,Gina,Morgera,Department Head,https://res.cloudinary.com/dxm7ycyxz/image/upload/v1668016834/2022/02/school-logo-150x150_ze3jhk.png,mccarthyca@worcesterschools.net
Special Education,Sandra,Crompton,Paraprofessional,https://res.cloudinary.com/dxm7ycyxz/image/upload/v1668016834/2022/02/school-logo-150x150_ze3jhk.png,cromptons@worcesterschools.net
Special Education,Kathleen,Lucey,Paraprofessional,https://res.cloudinary.com/dxm7ycyxz/image/upload/v1668016834/2022/02/school-logo-150x150_ze3jhk.png,luceyk@worcesterschools.net
Special Education,Jessica,Brennan,Paraprofessional,https://res.cloudinary.com/dxm7ycyxz/image/upload/v1668016834/2022/02/school-logo-150x150_ze3jhk.png,brennanjg@worcesterschools.net
Special Education,Caroline,Bigelow,Paraprofessional,https://res.cloudinary.com/dxm7ycyxz/image/upload/v1668016834/2022/02/school-logo-150x150_ze3jhk.png,bigelowcr@worcesterschools.net
Special Education,Lori,Haddad,Paraprofessional,https://res.cloudinary.com/dxm7ycyxz/image/upload/v1668016834/2022/02/school-logo-150x150_ze3jhk.png,haddadl@worcesterschools.net
Special Education,Steve,Moisan,Paraprofessional,https://res.cloudinary.com/dxm7ycyxz/image/upload/v1668016834/2022/02/school-logo-150x150_ze3jhk.png,moisansa@worcesterschools.net
Special Education,Corrin,Rapoza,Teacher ,https://res.cloudinary.com/dxm7ycyxz/image/upload/v1668016834/2022/02/school-logo-150x150_ze3jhk.png,rapozac@worcesterschools.net
Special Education,Shahin,Allahverdi,Voc-P Teacher,https://res.cloudinary.com/dxm7ycyxz/image/upload/v1668016834/2022/02/school-logo-150x150_ze3jhk.png,allahverdis@worcesterschools.net
Special Education,Melissa,Ayantola,Voc-P Teacher,https://res.cloudinary.com/dxm7ycyxz/image/upload/v1668016834/2022/02/school-logo-150x150_ze3jhk.png,ayantolam@worcesterschools.net
Special Education,Kate,Brichkova,Voc-P Teacher,https://res.cloudinary.com/dxm7ycyxz/image/upload/v1668016834/2022/02/school-logo-150x150_ze3jhk.png,brichkovak@worcesterschools.net
Special Education,Sue,Peltier,Learning Disabilities Teacher,https://res.cloudinary.com/dxm7ycyxz/image/upload/v1668016834/2022/02/school-logo-150x150_ze3jhk.png,peltiersj@worcesterschools.net
Special Education,Steve,Scobie,Teacher ,https://res.cloudinary.com/dxm7ycyxz/image/upload/v1668016834/2022/02/school-logo-150x150_ze3jhk.png,scobies@worcesterschools.net
Special Education,Jennifer,Cervini,Paraprofessional,https://res.cloudinary.com/dxm7ycyxz/image/upload/v1668016834/2022/02/school-logo-150x150_ze3jhk.png,cervinij@worcesterschools.net
Student Assessments ,Allison,Audet,Assessment Specialist ,https://wordpress.techhigh.us/wp-content/uploads/2022/04/0005.jpg,audeta@worcesterschools.net
Student Services,Mary,Blute,Co-op Coordinator,https://wordpress.techhigh.us/wp-content/uploads/2022/04/0014.jpg,blutem@worcesterschools.net
Student Services,Damaris,Ashey,Nurse,https://res.cloudinary.com/dxm7ycyxz/image/upload/v1668016834/2022/02/school-logo-150x150_ze3jhk.png,asheyd@worcesterschools.net
Student Services,Jen,Gaimari,Nurse,https://res.cloudinary.com/dxm7ycyxz/image/upload/v1668016834/2022/02/school-logo-150x150_ze3jhk.png,Gaimarij@worcesterschools.net
Student Services,Mike,Garvey,Librarian ,https://res.cloudinary.com/dxm7ycyxz/image/upload/v1668016834/2022/02/school-logo-150x150_ze3jhk.png,garveym@worcesterschools.net
Support Services,Dan,Santos,Security officer,https://wordpress.techhigh.us/wp-content/uploads/2022/02/school-logo.png,santosd@worcesterschools.net
Support Services,Patrick,Phenix,Student Support Instructor,https://wordpress.techhigh.us/wp-content/uploads/2022/04/0125.jpg,phenixp@worcesterschools.net
Veterinary Assisting,Amber,Eithier,Shop Instructor,https://wordpress.techhigh.us/wp-content/uploads/2022/04/0040.jpg,ethiera@worcesterschools.net
Veterinary Assisting,Amanda,Gauthier,Department Head ,https://wordpress.techhigh.us/wp-content/uploads/2022/04/0044.jpg,gaunthiera@worcesterschools.net
Veterinary Assisting,Amy,Mellen,Shop Instructor,https://res.cloudinary.com/dxm7ycyxz/image/upload/v1668016834/2022/02/school-logo-150x150_ze3jhk.png,mellena@worcesterschools.net
Welding,David,Dowland,Shop Instructor,https://wordpress.techhigh.us/wp-content/uploads/2022/04/0037.jpg,dowlandd@worcesterschools.net
Welding,Greg,L'Esperance,Department Head,https://wordpress.techhigh.us/wp-content/uploads/2022/05/12425.jpg,lesperanceg@worcesterschools.net
Welding,Nathan,Williams,Shop Instructor ,https://res.cloudinary.com/dxm7ycyxz/image/upload/v1668016834/2022/02/school-logo-150x150_ze3jhk.png,williamsn@worcesterschools.net
,Rachel,Gerard,,https://res.cloudinary.com/dxm7ycyxz/image/upload/v1668016834/2022/02/school-logo-150x150_ze3jhk.png,gerardr@worcesterschools.net
,Ruth,Seward,Night Life Coordinator,https://res.cloudinary.com/dxm7ycyxz/image/upload/v1668016834/2022/02/school-logo-150x150_ze3jhk.png,sewardr@worcesterschools.net
Food Services ,Celeste,Torres,Cafeteria Manager,https://res.cloudinary.com/dxm7ycyxz/image/upload/v1668016834/2022/02/school-logo-150x150_ze3jhk.png,torrescj@worcesterschools.net
,Christine,Wilson,,https://res.cloudinary.com/dxm7ycyxz/image/upload/v1668016834/2022/02/school-logo-150x150_ze3jhk.png,wilsonc@worcesterschools.net